{"model_type":"linear_residual_regression_v2","model_version":"linear-v2-20260318010840","trained_at":"2026-03-17T16:08:40.756257+00:00","sample_count":25,"minimum_ml_samples":30,"recommended_ml_samples":100,"target":"delta = corrected_score - rule_score","feature_names":["brightnessMean","brightnessStd","contrast","overexposedRatio","underexposedRatio","entropy","saturationRatio","sharpnessRaw","noiseEstimate","meanEdge","dominantEdge","leftRightBalance","topBottomBalance","thirdsAlignment","subjectConcentration","subjectCenterSupport","subjectXRatio","subjectYRatio","backgroundInformation","backgroundClutter","compositionScore","lightScore","colorScore","technicalScore","subjectScore","impactScore","ruleTotalScore"],"means":[123.97591929452568,49.8657775594244,0.38957638718300314,0.007270530730510852,0.08532536300650474,7.057325603174174,0.2934671663300682,13.407001691501602,1.184145577876879,41.25241503480683,76.03065816279639,0.8467954036059454,0.6683735377110155,0.5314435901222873,0.06914013505473632,0.0,0.5075947005095027,0.5097830394105022,0.4727892685750538,0.31778237409668814,64.28,25.64,73.0,20.08,21.36,67.32,66.8],"scales":[48.65431015680608,13.344469275950242,0.10425366621836127,0.013392819367431214,0.1918215493646717,0.8445463023239216,0.2311291660868291,10.816278489505455,0.7643316143329183,23.57608558999755,50.51944900730928,0.12437990451819633,0.25721887254891834,0.0951805474774528,0.023925703076488242,1.0,0.03972332743595056,0.0825613261438161,0.1974445658757579,0.09196307351193553,4.837520025798343,37.63602529492188,13.567608484917304,32.56245690976034,31.39538819635775,6.625526394181823,7.002856560004638],"weights":[-1.0049867496681726,-1.803227062806882,-1.803227062806882,-2.99289275567148,3.2452215063929417,5.966724573366,-2.460516036801015,0.6990626972787677,-9.519359744527822,-2.070849327177776,8.855195593208126,4.186679846192311,1.502829312835331,11.52597024467093,-9.374905646842258,0.0,-1.8602161469803233,-2.1403317111714153,-9.337210069783636,-0.9757367737995868,-1.6204979480414734,-7.460633420553743,-2.005070720956078,-2.8019710701500378,10.226189648296165,3.94324072747174,9.512676988322317],"bias":-4.199999999999994,"training_mae":4.1148275000113665}