{"model_type":"linear_residual_regression_v2","model_version":"linear-v2-20260321135645","trained_at":"2026-03-21T04:56:45.677531+00:00","sample_count":212,"minimum_ml_samples":30,"recommended_ml_samples":100,"target":"delta = corrected_score - rule_score","feature_names":["brightnessMean","brightnessStd","contrast","overexposedRatio","underexposedRatio","entropy","saturationRatio","sharpnessRaw","noiseEstimate","meanEdge","dominantEdge","leftRightBalance","topBottomBalance","thirdsAlignment","subjectConcentration","subjectCenterSupport","subjectXRatio","subjectYRatio","backgroundInformation","backgroundClutter","compositionScore","lightScore","colorScore","technicalScore","subjectScore","impactScore","ruleTotalScore"],"means":[117.89323947675979,53.63505379618749,0.4190238577827148,0.024258180429949497,0.09380953605298181,7.064687443858848,0.3001227421064131,20.269162043245135,1.5217938778040438,56.094076799176605,104.69035376988572,0.8662008956500641,0.6913133256975228,0.5203472298092542,0.061682495960752384,0.8788674803452606,0.4945670073335406,0.5201782595052444,0.5630573563147068,0.3575342632805994,63.75471698113208,75.0,70.14150943396227,68.80188679245283,61.06132075471698,67.83018867924528,66.17924528301887],"scales":[41.7108959370442,12.94574310916469,0.10113861804034914,0.09263822227426953,0.17640157050807617,1.1105298739592444,0.22742034243129797,15.663623916025843,0.8917891979682266,33.92751873431985,70.43113862918825,0.14093029249268182,0.22669758060842315,0.08926483759087477,0.020887296715474173,0.15122698929611003,0.03590983466983951,0.0745497687415638,0.2373122547874921,0.10439560990342651,3.850536156626145,13.833579599232511,13.0730449162384,26.517854366701677,8.753490632633758,5.176091076509826,6.169457897672783],"weights":[1.8409240023873576,0.01880656700920835,0.01880656700920835,-1.7891194650342206,2.1112724173881885,0.8781378789056316,1.4222146181265127,0.49823926267061563,-1.037772442364157,-1.69432126638059,2.8201401602530707,-0.37091214364964714,-1.1114035169365284,-0.5865164530015975,0.08782972426275885,-0.2709289461427699,0.06978565882793365,-0.17207565881219797,-1.4814941818828544,-0.36619869985551307,-0.022694099863141158,-0.8249899497391858,0.5321985631732552,-0.331147397442073,-0.4016657827957254,0.3866807218603621,-1.144520757315021],"bias":-1.150943396226399,"training_mae":3.4456916216978914}