{"model_type":"linear_residual_regression_v2","model_version":"linear-v2-20260319004407","trained_at":"2026-03-18T15:44:07.005819+00:00","sample_count":43,"minimum_ml_samples":30,"recommended_ml_samples":100,"target":"delta = corrected_score - rule_score","feature_names":["brightnessMean","brightnessStd","contrast","overexposedRatio","underexposedRatio","entropy","saturationRatio","sharpnessRaw","noiseEstimate","meanEdge","dominantEdge","leftRightBalance","topBottomBalance","thirdsAlignment","subjectConcentration","subjectCenterSupport","subjectXRatio","subjectYRatio","backgroundInformation","backgroundClutter","compositionScore","lightScore","colorScore","technicalScore","subjectScore","impactScore","ruleTotalScore"],"means":[119.60138799182438,54.69089225395159,0.4272725957339968,0.04662702098404791,0.07840569489291478,7.08895893081194,0.329888756204471,17.635346375462053,1.340333645830522,48.73818608509715,90.13435466108858,0.8649191398188858,0.6842374532135469,0.5414662475440865,0.05991615745596646,0.7885276895608959,0.4858348512931218,0.5084288988259233,0.5309820964426287,0.33913702462356315,63.86046511627907,70.69767441860465,68.16279069767442,62.58139534883721,62.0,65.90697674418605,64.04651162790698],"scales":[43.8178826996518,12.839335231029327,0.10030730649241662,0.13741204081885472,0.11839982036927564,0.8112181889874066,0.254483435769233,13.745070870503328,0.6758511152875635,28.795525734777378,65.72104425957309,0.13559414381856724,0.20461399753749696,0.08250305376481015,0.015133812638702226,0.2921711409947648,0.035916082953399965,0.07637056506708502,0.20204984692080083,0.10507545977284528,3.6509405946313773,12.922910759525035,13.381573989802721,27.104648668602042,7.775931859209529,5.259825593926945,6.069188246445731],"weights":[2.743259594667913,-0.06883248528997886,-0.06883248528997886,-2.9982221593330958,-0.7070430955904544,0.050966417929068565,-0.2572102998744428,0.24882079319527847,-1.5831803350486733,-2.2498587152720084,6.397646154159256,0.3726337852789564,-2.1595196443103815,-0.8076726114619623,-0.7191074225012294,0.07076435095036405,-1.162348831361208,0.6369820432010911,1.5142857992272132,-1.1804708942193738,0.8278305139039145,-0.12349722969297804,0.010000737222989187,-2.117798972637066,0.9900374160591786,-1.6346765668983845,0.32841304278943867],"bias":-0.930232558139534,"training_mae":2.6915073632577955}