{"model_type":"linear_residual_regression_v2","model_version":"linear-v2-20260318061534","trained_at":"2026-03-17T21:15:34.677602+00:00","sample_count":79,"minimum_ml_samples":30,"recommended_ml_samples":100,"target":"delta = corrected_score - rule_score","feature_names":["brightnessMean","brightnessStd","contrast","overexposedRatio","underexposedRatio","entropy","saturationRatio","sharpnessRaw","noiseEstimate","meanEdge","dominantEdge","leftRightBalance","topBottomBalance","thirdsAlignment","subjectConcentration","subjectCenterSupport","subjectXRatio","subjectYRatio","backgroundInformation","backgroundClutter","compositionScore","lightScore","colorScore","technicalScore","subjectScore","impactScore","ruleTotalScore"],"means":[117.58791764690544,52.9556127612518,0.4137157246972797,0.019989042446272094,0.0876425820853912,7.0647686181317955,0.3142526916228604,15.081636214663874,1.3854421149568523,44.35594213603634,79.49718471746752,0.8377194019137036,0.6835728678921752,0.5201582865218184,0.0686856061218911,0.5975369290588567,0.49985728496311627,0.5254194900297923,0.5066469461119408,0.33008493878232925,64.0126582278481,59.0253164556962,70.75949367088607,49.29113924050633,50.46835443037975,67.22784810126582,65.86075949367088],"scales":[42.38628575692138,12.74658514465051,0.09958269644258211,0.06950722342746153,0.18265355668230338,0.9311458349745793,0.249243780890787,9.715379225355322,0.7584927550145881,24.228057698839617,53.36909958479215,0.14441013939683575,0.25208925184879,0.10324290663838818,0.02516224996817003,0.4244436922581839,0.041592386464034105,0.08427890109463933,0.19630905638639756,0.0914631466300368,4.615586337359769,32.82210380700142,12.352640459671337,34.79638854341288,27.460828462079327,5.616317472473428,6.521113085882316],"weights":[-0.425222078859582,0.3505236967016502,0.3505236967016502,-2.2325378280664476,-0.5263810167342111,-3.6682705284565165,-0.9899594142894443,-5.121816042035113,1.024793150719905,1.7392648636345815,1.9214192642217136,1.7585986903832165,1.7560303863008242,2.6796663238470226,-1.1826827308209114,0.32486746414317447,-0.12229389349454914,2.171401577975402,2.823481587235821,0.18855355850942837,-3.87183084929513,0.6142890168728832,-2.4346457042662837,-6.03204284355812,6.213010157087973,-0.4357773549558316,2.4177028704518206],"bias":-0.7721518987341729,"training_mae":4.794430554881921}