{"model_type":"linear_residual_regression_v2","model_version":"linear-v2-20260318055524","trained_at":"2026-03-17T20:55:24.182654+00:00","sample_count":64,"minimum_ml_samples":30,"recommended_ml_samples":100,"target":"delta = corrected_score - rule_score","feature_names":["brightnessMean","brightnessStd","contrast","overexposedRatio","underexposedRatio","entropy","saturationRatio","sharpnessRaw","noiseEstimate","meanEdge","dominantEdge","leftRightBalance","topBottomBalance","thirdsAlignment","subjectConcentration","subjectCenterSupport","subjectXRatio","subjectYRatio","backgroundInformation","backgroundClutter","compositionScore","lightScore","colorScore","technicalScore","subjectScore","impactScore","ruleTotalScore"],"means":[112.2038326913977,53.120351937687,0.41500274951317967,0.01322797193700786,0.10231113345230991,7.0751058619690355,0.32799812458905303,14.200291557022501,1.4062272967740426,42.861802861193105,76.04378874263939,0.8603050062736118,0.7334639748310414,0.5096755911702365,0.06499804465419354,0.5478205291499756,0.5026302359631514,0.5072390042694968,0.5010361533062971,0.32202904465585225,64.78125,54.046875,70.0,43.90625,47.21875,66.765625,65.265625],"scales":[42.7121758068763,13.198262407399087,0.10311142505780536,0.02274223838301586,0.19954267513441215,0.956352328870171,0.2427018220765655,9.922538119824257,0.8163508903779668,24.90024211714665,51.49975060665417,0.12420937901136919,0.21438197298501652,0.09769133060775755,0.022669307793415243,0.45476420053671546,0.03856595893070332,0.06656998830586307,0.19707719236710147,0.09001419356027587,4.266397594868533,34.38496659492888,12.469963913339926,35.0698939396386,29.23101346921622,5.7899217058069965,6.727374551738219],"weights":[0.31979688190555866,1.3083443379744757,1.3083443379744757,0.08876488078269185,0.9435522535450432,-6.028038914109557,0.696320134477406,-5.783510438710101,1.1180430792411968,-1.795563186214819,5.346087276645769,2.328488747842541,1.4669457845808653,5.203988720119566,-4.444566573278822,0.043847437755649386,-1.446277521308223,1.1113659570716583,2.368104765101642,-0.07306041393057218,-1.485867759895462,0.8479513096079185,-0.8549356911717374,-3.718744192714482,4.476023218134996,0.13869911535021487,2.198790863594137],"bias":-1.1562499999999836,"training_mae":4.7823572345004095}