{"model_type":"linear_residual_regression_v2","model_version":"linear-v2-20260322235115","trained_at":"2026-03-22T14:51:15.331045+00:00","sample_count":286,"minimum_ml_samples":30,"recommended_ml_samples":100,"target":"delta = corrected_score - rule_score","feature_names":["brightnessMean","brightnessStd","contrast","overexposedRatio","underexposedRatio","entropy","saturationRatio","sharpnessRaw","noiseEstimate","meanEdge","dominantEdge","leftRightBalance","topBottomBalance","thirdsAlignment","subjectConcentration","subjectCenterSupport","subjectXRatio","subjectYRatio","backgroundInformation","backgroundClutter","compositionScore","lightScore","colorScore","technicalScore","subjectScore","impactScore","ruleTotalScore"],"means":[118.61381316154042,54.14677133730508,0.42302165107269596,0.022439902142522377,0.08894802234887186,7.1150423464769235,0.31494225962760575,20.308510396313732,1.547960709190381,56.34809858373776,105.20575782865255,0.8693621153622427,0.7032289596308713,0.5128938517164982,0.062112627389145504,0.8869904133835753,0.4936343048010216,0.5204742516870638,0.5722689503936851,0.35804510929500316,63.96153846153846,75.43706293706293,69.9020979020979,70.42307692307692,61.11188811188811,68.20979020979021,66.5944055944056],"scales":[41.132292005739735,12.711582457249282,0.09930923794726002,0.08967721557753194,0.16678266859347066,1.0628308443147991,0.23153182626452595,14.897045777580818,0.918506517864077,31.997704430675448,66.76355296046714,0.13351302209469354,0.22977728607773895,0.09076771313975066,0.02128756799160227,0.13695077681198203,0.03444800266828263,0.07529809750142624,0.22987117451565342,0.09913718517605141,3.8831611208497088,13.61231023651239,12.793034974178529,26.23453974910231,8.807661076462402,4.949893192113416,5.903937008397828],"weights":[2.8753561341066245,-0.18187918222698374,-0.18187918222698374,-2.5553365312550413,1.5728010398957037,1.4923459981170633,1.7568600863226946,0.2901320614598985,-1.6325056038601204,-2.088646334619966,3.3924554317193545,-1.2079368787707223,-1.5443757475301285,-1.3595353707499958,0.5191003737004921,-0.03036854142947107,0.018457254950848285,0.2112757839830113,-1.5398947163900791,-0.8576037286446602,1.313322988337956,-1.7908917125855073,0.43286428083206396,0.093597624531944,-1.9865464474402088,-0.07096608804147367,-1.0647101299275865],"bias":-0.1678321678321678,"training_mae":4.168739045925408}