{"model_type":"linear_residual_regression_v2","model_version":"linear-v2-20260320214818","trained_at":"2026-03-20T12:48:18.336861+00:00","sample_count":100,"minimum_ml_samples":30,"recommended_ml_samples":100,"target":"delta = corrected_score - rule_score","feature_names":["brightnessMean","brightnessStd","contrast","overexposedRatio","underexposedRatio","entropy","saturationRatio","sharpnessRaw","noiseEstimate","meanEdge","dominantEdge","leftRightBalance","topBottomBalance","thirdsAlignment","subjectConcentration","subjectCenterSupport","subjectXRatio","subjectYRatio","backgroundInformation","backgroundClutter","compositionScore","lightScore","colorScore","technicalScore","subjectScore","impactScore","ruleTotalScore"],"means":[118.5124281024571,55.03089608000112,0.42992887562500876,0.0386070871833585,0.11287918824068367,6.88913222737764,0.3199323960571006,20.398577980278038,1.4575076925978345,54.12907393194262,101.75342032631414,0.8666457132750824,0.6641951528181881,0.5282667016449839,0.06359954938666948,0.8490024383007517,0.49109282608639737,0.5200033945432603,0.5371676851090461,0.34953374071028515,63.66,72.36,68.83,67.29,61.5,67.0,65.25],"scales":[47.72017114015131,12.035410380793012,0.0940266435999454,0.13010651728556966,0.19866269237851975,1.3237110876942015,0.24246288288394438,16.196777910431628,0.9083690957253617,32.65066993210245,69.84622687420837,0.15584315075618774,0.23512512694112203,0.09353927759391437,0.0233060924632012,0.20686015814003778,0.03509055785780663,0.08046011527809759,0.2536395618478584,0.11229157507564146,4.138163844025512,13.716063575239067,12.764838424359317,27.82024263014252,8.858329413608415,5.321653878260029,6.3724014311717685],"weights":[2.57314354577713,-0.3702381897388636,-0.3702381897388636,-2.0527633741122653,3.4237894474542574,0.6481365933718266,1.3476285920534794,-0.9052674588843609,-0.6787072130371734,-2.385637363387222,2.9868141020896233,-0.1380850520107217,-0.6890886096774907,0.37882676348854577,0.622214863023651,0.23719192140459724,0.27926037192617725,0.6307342499033628,-1.1195791221980984,0.28644240023339923,1.2339091304400134,-0.7247314152114056,0.6580758274723392,-0.7735796440182496,-2.875593185347008,1.0263383691952206,-0.8557154702396046],"bias":0.120000000000007,"training_mae":3.1755495406557865}