{"model_type":"linear_residual_regression_v2","model_version":"linear-v2-20260318012724","trained_at":"2026-03-17T16:27:24.607467+00:00","sample_count":32,"minimum_ml_samples":30,"recommended_ml_samples":100,"target":"delta = corrected_score - rule_score","feature_names":["brightnessMean","brightnessStd","contrast","overexposedRatio","underexposedRatio","entropy","saturationRatio","sharpnessRaw","noiseEstimate","meanEdge","dominantEdge","leftRightBalance","topBottomBalance","thirdsAlignment","subjectConcentration","subjectCenterSupport","subjectXRatio","subjectYRatio","backgroundInformation","backgroundClutter","compositionScore","lightScore","colorScore","technicalScore","subjectScore","impactScore","ruleTotalScore"],"means":[124.85095333255327,51.192363216505775,0.39994033762895137,0.008093704318939403,0.0809343548650298,7.157169987708974,0.298028184257513,13.840098069012614,1.262893486286177,42.05910755740735,75.3346529115732,0.8557672625644006,0.7049097204208211,0.5241911249161796,0.06713273066932882,0.17581015602856284,0.5053498179441069,0.5050416313195571,0.4912679967655472,0.3287988653728855,64.75,38.0625,73.0,30.8125,30.59375,68.0625,67.34375],"scales":[45.188148370246935,12.393777564071046,0.09682638721930505,0.013946768844979167,0.17749390904831255,0.776114772311778,0.23667138535431423,10.14673960476184,0.7720926123864081,21.367079058851257,45.395523048988785,0.11754745847274518,0.23976240072779642,0.08756363573077358,0.021646987339125567,0.36604042273596626,0.03740587478392262,0.07545168540910654,0.1802105374966578,0.08456750367221479,4.4860896112315904,41.12400264748071,12.447389284504602,36.11304949391563,32.807068002756665,6.214587174543455,6.5412602713467995],"weights":[-1.1428621605079394,-0.8231362819729279,-0.8231362819729279,-2.166260419254571,0.4076483566615367,4.975386198978485,0.3422653258102045,3.2253669366839213,-6.801730053349341,-0.8196139269205789,2.7238437951644356,2.929746472980226,1.6743385475283852,9.423457375725606,-8.688830080349547,-0.39007312357451557,-0.7475638076511322,-2.2032968852658184,-11.048187968834922,0.23016820836412025,-2.310848051632163,-4.329351435892041,-1.0345831997801127,-3.540659212098885,7.666608024551511,3.9028542616554103,7.944812386522894],"bias":-4.281249999999997,"training_mae":4.47690532407387}