{"model_type":"linear_residual_regression_v2","model_version":"linear-v2-20260320220145","trained_at":"2026-03-20T13:01:45.200655+00:00","sample_count":107,"minimum_ml_samples":30,"recommended_ml_samples":100,"target":"delta = corrected_score - rule_score","feature_names":["brightnessMean","brightnessStd","contrast","overexposedRatio","underexposedRatio","entropy","saturationRatio","sharpnessRaw","noiseEstimate","meanEdge","dominantEdge","leftRightBalance","topBottomBalance","thirdsAlignment","subjectConcentration","subjectCenterSupport","subjectXRatio","subjectYRatio","backgroundInformation","backgroundClutter","compositionScore","lightScore","colorScore","technicalScore","subjectScore","impactScore","ruleTotalScore"],"means":[119.57948258964305,54.88987693279574,0.4288271635374667,0.03622474108249132,0.10729805784660883,6.93069657833485,0.321923920004704,20.182007518354737,1.4419298426002956,53.64897377743581,100.92425153757621,0.865283235972969,0.66992482345508,0.527320397037121,0.06380967058931215,0.8527005417688507,0.4905799130473641,0.5186110607318921,0.5406586491636048,0.3517774783570308,63.757009345794394,73.23364485981308,69.14953271028037,67.08411214953271,61.495327102803735,67.17757009345794,65.4392523364486],"scales":[46.511435726345326,11.989269830855106,0.09366617055355551,0.12610141295978544,0.1933929144181282,1.2900228511868517,0.23584955373490935,16.092367009531653,0.8965653582861229,32.078158232000725,68.84801840927676,0.15393644706074147,0.235602196907852,0.0937792868769839,0.02290506537183246,0.20125988029197145,0.03505123138082679,0.08033220881763914,0.24811533278536074,0.11220705290170958,4.166715287805525,13.73962102026171,12.805375432550044,27.646676464610064,8.924788362919891,5.262835815843602,6.2981640554241345],"weights":[2.546363843446014,-0.3015670815063506,-0.3015670815063506,-1.9114112437559692,3.2668430218012547,0.6417098846934339,1.168897460190367,-1.7306135092209192,-0.49262010812584184,-1.492296332472002,3.627315491500234,0.009935017743641972,-0.9891473128933876,0.21435234507992743,0.6129609548360143,0.09153239289298165,0.48288719910675365,0.5849494101495513,-0.7931243662037623,-0.5465462250854803,0.9053193152423503,-0.8637806468447223,0.5330042708863659,-1.028618739680223,-2.525631184641384,0.8818420663933507,-0.8580144705441839],"bias":-0.03738317757008281,"training_mae":3.157995141801331}