{"model_type":"linear_residual_regression_v2","model_version":"linear-v2-20260321163036","trained_at":"2026-03-21T07:30:36.587689+00:00","sample_count":217,"minimum_ml_samples":30,"recommended_ml_samples":100,"target":"delta = corrected_score - rule_score","feature_names":["brightnessMean","brightnessStd","contrast","overexposedRatio","underexposedRatio","entropy","saturationRatio","sharpnessRaw","noiseEstimate","meanEdge","dominantEdge","leftRightBalance","topBottomBalance","thirdsAlignment","subjectConcentration","subjectCenterSupport","subjectXRatio","subjectYRatio","backgroundInformation","backgroundClutter","compositionScore","lightScore","colorScore","technicalScore","subjectScore","impactScore","ruleTotalScore"],"means":[118.09283204873171,53.68483433398131,0.41941276823422896,0.023865663498426507,0.0927773899516373,7.0726077606882605,0.30278662628353525,20.493709833993353,1.5254732985234158,56.455402483385406,105.62101633930408,0.8667117142076057,0.6886992155267064,0.5206637741174812,0.06187109151846913,0.8780168969452399,0.4942571825392372,0.5221254531808512,0.566092546255018,0.3590791075957089,63.74193548387097,75.07373271889401,70.11059907834101,69.41013824884793,61.0184331797235,67.92165898617512,66.29953917050692],"scales":[41.56957001513342,12.840254642003288,0.10031448939065069,0.09160388559537186,0.1747242992392637,1.0995915682142212,0.22815837989072077,15.588158146869896,0.8866162437404743,33.662738716235545,70.00360230099666,0.139892287394277,0.23001149553705533,0.08919707683692493,0.02106568170253972,0.1510388624094988,0.035716143321264084,0.07644626890384187,0.23578606390611698,0.10375504041204066,3.869738668165194,13.81357448251032,13.054890430686669,26.51253922063271,8.691307768385476,5.176011756999239,6.169469184464003],"weights":[1.8223804089583298,-0.006025221005367376,-0.006025221005367376,-1.749713389650641,2.16669028502622,0.9516611311480799,1.3715095032655717,0.4645581965762109,-1.1146159015082662,-1.6474870689451695,2.894084175674275,-0.3558380373687126,-1.0902139121016072,-0.5095793148455297,0.03999914807808339,-0.22890494296728067,0.0877095966646527,-0.2102249119167196,-1.6345052659081356,-0.40921371119015565,0.04547019285731573,-0.7036310710044026,0.5295505481089129,-0.34510685947129743,-0.5505607170127683,0.4412136918941727,-1.2043596771876894],"bias":-1.1612903225806308,"training_mae":3.4610831312270656}