{"model_type":"linear_residual_regression_v2","model_version":"linear-v2-20260319063930","trained_at":"2026-03-18T21:39:30.602105+00:00","sample_count":73,"minimum_ml_samples":30,"recommended_ml_samples":100,"target":"delta = corrected_score - rule_score","feature_names":["brightnessMean","brightnessStd","contrast","overexposedRatio","underexposedRatio","entropy","saturationRatio","sharpnessRaw","noiseEstimate","meanEdge","dominantEdge","leftRightBalance","topBottomBalance","thirdsAlignment","subjectConcentration","subjectCenterSupport","subjectXRatio","subjectYRatio","backgroundInformation","backgroundClutter","compositionScore","lightScore","colorScore","technicalScore","subjectScore","impactScore","ruleTotalScore"],"means":[116.20578653242417,54.662236763500744,0.42704872471484956,0.042259347864583956,0.13813727879540744,6.72064497171059,0.31821376669552054,17.853294061528732,1.3614250571248403,47.4173542952882,87.26319995952998,0.8554205217348881,0.6800372305507609,0.5332384781272421,0.06456246738421616,0.8353977406395917,0.4911754462917923,0.5201909146685665,0.4860503666878276,0.32798179051074755,63.97260273972603,70.46575342465754,67.57534246575342,60.84931506849315,62.726027397260275,65.8082191780822,63.726027397260275],"scales":[50.9708351939491,12.743904223020673,0.099561751742349,0.1306539559207866,0.2255347707986314,1.4583989904694223,0.2541604995703393,14.852001990565393,0.894272042564828,30.398372557982793,66.16002232210937,0.16441540477722014,0.22499642002987233,0.09916074501142355,0.024769347341142476,0.23651052043916237,0.03662318002024661,0.07648211724903893,0.25240418154937055,0.10999148045519787,4.0135817459253715,14.134464041746323,12.93388647712918,28.181734701109967,8.220022787643984,5.443753575710134,6.542297099774294],"weights":[1.7939826518071351,-0.38739124826324267,-0.38739124826324267,-0.6438679908168083,3.5348818381392464,2.079296160780753,1.4424050582383343,0.23514052024329613,-0.26944136119689577,-1.9284902622141147,4.649229726632829,-0.3055245063755327,-0.6182759668301315,-0.1020999236850708,0.7231670442005513,-0.05803464976712329,0.4651276912596461,1.22827315337567,-3.30202021060053,1.1801112358429995,0.8961400137948801,-0.4207228294847733,1.0807711962602269,-2.6110696792458774,-1.4940172040024737,1.698808691098613,-1.918531857736958],"bias":0.21917808219178384,"training_mae":3.1065129391483457}